model,split,micro_f1,macro_f1,weighted_f1,hamming_loss,subset_accuracy,representation,problem_transformation,algorithm,tuned_param
TFIDF_1-2gram_OVR_LinearSVC_C0.5,validation,0.8008658008658008,0.3891946771553396,0.8060193253806572,0.04640605296343001,0.6196721311475409,TF-IDF word unigram-bigram,Binary Relevance / OneVsRest,Linear SVM,C=0.5
BOW_1-2gram_ClassifierChain_LogReg_C0.5,validation,0.8004410143329658,0.36111981812213984,0.8084026255823368,0.04564943253467844,0.6524590163934426,Bag of Words unigram-bigram,Classifier Chain,Logistic Regression,C=0.5
TFIDF_1-2gram_OVR_LogReg_C1.0,validation,0.7978835978835979,0.3862313462045253,0.8107513973378139,0.048171500630517027,0.580327868852459,TF-IDF word unigram-bigram,Binary Relevance / OneVsRest,Logistic Regression,C=1.0
TFIDF_1-2gram_OVR_LinearSVC_C1.0,validation,0.7973856209150327,0.3545340454106108,0.801359119405631,0.04691046658259773,0.6262295081967213,TF-IDF word unigram-bigram,Binary Relevance / OneVsRest,Linear SVM,C=1.0
TFIDF_1-2gram_OVR_LogReg_C2.0,validation,0.7965921192758253,0.38229655044126426,0.8096000656027291,0.048171500630517027,0.6032786885245902,TF-IDF word unigram-bigram,Binary Relevance / OneVsRest,Logistic Regression,C=2.0
BOW_1-2gram_ClassifierChain_LogReg_C1.0,validation,0.7964796479647965,0.35835118315224423,0.8034125669987737,0.04665825977301387,0.6360655737704918,Bag of Words unigram-bigram,Classifier Chain,Logistic Regression,C=1.0
TFIDF_1-2gram_OVR_LogReg_C0.5,validation,0.791974656810982,0.4363518350346916,0.8091176252954395,0.04968474148802018,0.5606557377049181,TF-IDF word unigram-bigram,Binary Relevance / OneVsRest,Logistic Regression,C=0.5
