{
  "model": "BOW_1-2gram_ClassifierChain_LogReg_C0.5_ThresholdTuned",
  "split": "test",
  "micro_f1": 0.6605504587155964,
  "macro_f1": 0.4357685071944302,
  "weighted_f1": 0.8253167963171908,
  "hamming_loss": 0.10264817150063052,
  "subset_accuracy": 0.1901639344262295,
  "thresholds": [
    -0.49999999999999867,
    -0.3999999999999986,
    -1.0999999999999992,
    -0.09999999999999831,
    -0.49999999999999867,
    -0.7999999999999989,
    0.20000000000000195,
    1.7763568394002505e-15,
    -0.5999999999999988,
    -0.49999999999999867,
    0.0,
    0.0,
    -0.3999999999999986
  ]
}