{
  "model": "BOW_1-2gram_ClassifierChain_LogReg_C0.5_ThresholdTuned",
  "split": "test",
  "micro_f1": 0.8099891422366993,
  "macro_f1": 0.4952933690912945,
  "weighted_f1": 0.8240676683357546,
  "hamming_loss": 0.044136191677175286,
  "subset_accuracy": 0.6360655737704918,
  "thresholds": [
    0.3,
    0.25,
    0.5,
    0.5,
    0.35000000000000003,
    0.1,
    0.6500000000000001,
    0.9000000000000001,
    0.2,
    0.5,
    0.5,
    0.5,
    0.8500000000000001
  ]
}