{
  "model": "BOW_1-2gram_ClassifierChain_LogReg_C0.5_ThresholdTuned",
  "split": "test",
  "micro_f1": 0.8017334777898159,
  "macro_f1": 0.49738701717976724,
  "weighted_f1": 0.8192037507726061,
  "hamming_loss": 0.046153846153846156,
  "subset_accuracy": 0.6,
  "thresholds": [
    -0.2999999999999985,
    0.7000000000000024,
    0.5000000000000022,
    0.30000000000000204,
    -0.49999999999999867,
    1.7763568394002505e-15,
    0.20000000000000195,
    0.8000000000000025,
    -0.49999999999999867,
    -0.3999999999999986,
    -0.5999999999999988,
    -0.49999999999999867,
    0.30000000000000204
  ]
}